principio_activo_buscado,nregistro,nombre,principios_activos,atc,url_ficha_tecnica,ficha_segmentada
paracetamol,83208,ANTIDOL INFANTIL 100 MG/ML SOLUCION ORAL,PARACETAMOL,N02BE01,https://cima.aemps.es/cima/pdfs/ft/83208/FT_83208.pdf,1
metamizol,68116,METAMIZOL CINFA 575 mg CAPSULAS DURAS EFG,METAMIZOL MAGNESICO HEXAHIDRATO,N02BB02,https://cima.aemps.es/cima/pdfs/ft/68116/FT_68116.pdf,1
naproxeno,83348,ACTROMADOL 660 MG COMPRIMIDOS DE LIBERACIÓN MODIFICADA,NAPROXENO SODICO,M01AE02,https://cima.aemps.es/cima/pdfs/ft/83348/FT_83348.pdf,1
dexketoprofeno,77395,ADOLQUIR 25 MG COMPRIMIDOS RECUBIERTOS CON PELICULA EFG,DEXKETOPROFENO TROMETAMOL,M01AE17,https://cima.aemps.es/cima/pdfs/ft/77395/FT_77395.pdf,1
diclofenaco,85218,"CINFADOL SPRAY 39,2 MG/ML SOLUCIÓN PARA PULVERIZACIÓN CUTÁNEA",DICLOFENACO SODICO,M02AA15,https://cima.aemps.es/cima/pdfs/ft/85218/FT_85218.pdf,1
celecoxib,63891,ARTILOG 200 mg CAPSULAS DURAS,CELECOXIB,M01AH01,https://cima.aemps.es/cima/pdfs/ft/63891/FT_63891.pdf,1
tramadol,61784,ADOLONTA RETARD 100 mg COMPRIMIDOS DE LIBERACION PROLONGADA,TRAMADOL HIDROCLORURO,N02AX02,https://cima.aemps.es/cima/pdfs/ft/61784/FT_61784.pdf,1
tapentadol,73244,PALEXIA RETARD 100 mg COMPRIMIDOS DE LIBERACION PROLONGADA,TAPENTADOL HIDROCLORURO,N02AX06,https://cima.aemps.es/cima/pdfs/ft/73244/FT_73244.pdf,1
oxicodona,70687,OXICODONA SANDOZ 10 mg COMPRIMIDOS DE LIBERACION PROLONGADA EFG,OXICODONA HIDROCLORURO,N02AA05,https://cima.aemps.es/cima/pdfs/ft/70687/FT_70687.pdf,1
fentanilo,61961,DUROGESIC MATRIX 100 microgramos/H PARCHES TRANSDERMICOS,FENTANILO,N02AB03,https://cima.aemps.es/cima/pdfs/ft/61961/FT_61961.pdf,1
buprenorfina,80460,BUPRENORFINA STADA 35 MICROGRAMOS/HORA PARCHE TRANSDERMICO 96 HORAS EFG,BUPRENORFINA,N02AE01,https://cima.aemps.es/cima/pdfs/ft/80460/FT_80460.pdf,1
hidromorfona,86200,"EDUNIX 1,3 MG CAPSULAS DURAS EFG",HIDROMORFONA HIDROCLORURO,N02AA03,https://cima.aemps.es/cima/pdfs/ft/86200/FT_86200.pdf,1
acenocumarol,88278,ACENOCUMAROL AUROVITAS 1 MG COMPRIMIDOS EFG,ACENOCUMAROL,B01AA07,https://cima.aemps.es/cima/pdfs/ft/88278/FT_88278.pdf,1
warfarina,63062,ALDOCUMAR 1 mg COMPRIMIDOS,WARFARINA SODICA,B01AA03,https://cima.aemps.es/cima/pdfs/ft/63062/FT_63062.pdf,1
apixaban,11691002,"ELIQUIS 2,5 MG COMPRIMIDOS RECUBIERTOS CON PELICULA",APIXABAN,B01AF02,https://cima.aemps.es/cima/pdfs/ft/11691002/FT_11691002.pdf,1
rivaroxaban,89320,RIVAROXABÁN NORMON 10 MG COMPRIMIDOS RECUBIERTOS CON PELÍCULA EFG,RIVAROXABAN,B01AF01,https://cima.aemps.es/cima/pdfs/ft/89320/FT_89320.pdf,1
dabigatran,88692,DABIGATRAN ETEXILATO CINFA 110 MG CAPSULAS DURAS EFG,DABIGATRAN ETEXILATO MESILATO,B01AE07,https://cima.aemps.es/cima/pdfs/ft/88692/FT_88692.pdf,1
edoxaban,115993001,LIXIANA 15 MG COMPRIMIDOS RECUBIERTOS CON PELICULA,EDOXABAN TOSILATO,B01AF03,https://cima.aemps.es/cima/pdfs/ft/115993001/FT_115993001.pdf,1
enoxaparina,82490,ENOXAPARINA ROVI 10.000 UI (100 MG)/1 ML SOLUCION INYECTABLE EN JERINGA PRECARGADA,ENOXAPARINA SODICA,B01AB05,https://cima.aemps.es/cima/pdfs/ft/82490/FT_82490.pdf,1
bemiparina,64166,"HIBOR 10.000 UI ANTI-XA/0,4 ml SOLUCIÓN INYECTABLE EN JERINGAS PRECARGADAS",BEMIPARINA SODICA,B01AB12,https://cima.aemps.es/cima/pdfs/ft/64166/FT_64166.pdf,1
clopidogrel,71622,CLOPIDOGREL CINFAMED 75 mg COMPRIMIDOS RECUBIERTOS CON PELICULA EFG,CLOPIDOGREL HIDROGENOSULFATO,B01AC04,https://cima.aemps.es/cima/pdfs/ft/71622/FT_71622.pdf,1
ticagrelor,110655009,BRILIQUE 60 MG COMPRIMIDOS RECUBIERTOS CON PELICULA,TICAGRELOR,B01AC24,https://cima.aemps.es/cima/pdfs/ft/110655009/FT_110655009.pdf,1
enalapril,73300,ENALAPRIL CINFA 10 mg COMPRIMIDOS,ENALAPRIL MALEATO,C09AA02,https://cima.aemps.es/cima/pdfs/ft/73300/FT_73300.pdf,1
ramipril,72290,RAMIPRIL CINFA 10 mg COMPRIMIDOS EFG,RAMIPRIL,C09AA05,https://cima.aemps.es/cima/pdfs/ft/72290/FT_72290.pdf,1
lisinopril,64562,LISINOPRIL CINFA 20 mg COMPRIMIDOS EFG,LISINOPRIL,C09AA03,https://cima.aemps.es/cima/pdfs/ft/64562/FT_64562.pdf,1
captopril,62304,CAPTOPRIL CINFA 25 mg COMPRIMIDOS EFG,CAPTOPRIL,C09AA01,https://cima.aemps.es/cima/pdfs/ft/62304/FT_62304.pdf,1
perindopril,72240,PERINDOPRIL TECNIGEN 4 mg COMPRIMIDOS EFG,PERINDOPRIL ERBUMINA,C09AA04,https://cima.aemps.es/cima/pdfs/ft/72240/FT_72240.pdf,1
losartan,64971,COZAAR 100 mg COMPRIMIDOS RECUBIERTOS CON PELICULA,LOSARTAN POTASICO,C09CA01,https://cima.aemps.es/cima/pdfs/ft/64971/FT_64971.pdf,1
valsartan,64473,DIOVAN 160 mg COMPRIMIDOS RECUBIERTOS CON PELICULA,VALSARTAN,C09CA03,https://cima.aemps.es/cima/pdfs/ft/64473/FT_64473.pdf,1
candesartan,75655,CANDESARTAN CINFA 16 mg COMPRIMIDOS EFG,CANDESARTAN CILEXETILO,C09CA06,https://cima.aemps.es/cima/pdfs/ft/75655/FT_75655.pdf,1
irbesartan,70118,IRBESARTAN CINFA 150 mg COMPRIMIDOS EFG,IRBESARTAN,C09CA04,https://cima.aemps.es/cima/pdfs/ft/70118/FT_70118.pdf,1
olmesartan,65498,IXIA 10 mg COMPRIMIDOS RECUBIERTOS,OLMESARTAN MEDOXOMILO,C09CA08,https://cima.aemps.es/cima/pdfs/ft/65498/FT_65498.pdf,1
telmisartan,98090002,MICARDIS 40 MG COMPRIMIDOS,TELMISARTAN,C09CA07,https://cima.aemps.es/cima/pdfs/ft/98090002/FT_98090002.pdf,1
amlodipino,65461,AMLODIPINO CINFA 10 mg COMPRIMIDOS EFG,AMLODIPINO BESILATO,C08CA01,https://cima.aemps.es/cima/pdfs/ft/65461/FT_65461.pdf,1
nifedipino,59538,"ADALAT OROS 30 mg, COMPRIMIDOS DE LIBERACION PROLONGADA",NIFEDIPINO,C08CA05,https://cima.aemps.es/cima/pdfs/ft/59538/FT_59538.pdf,1
lercanidipino,71633,LERCANIDIPINO CINFA 10 mg COMPRIMIDOS RECUBIERTOS CON PELICULA EFG,LERCANIDIPINO HIDROCLORURO,C08CA13,https://cima.aemps.es/cima/pdfs/ft/71633/FT_71633.pdf,1
diltiazem,62328,DILTIAZEM SANDOZ 60 mg COMPRIMIDOS EFG,DILTIAZEM HIDROCLORURO,C08DB01,https://cima.aemps.es/cima/pdfs/ft/62328/FT_62328.pdf,1
verapamilo,58369,MANIDON HTA 240 mg COMPRIMIDOS DE LIBERACION PROLONGADA,VERAPAMILO HIDROCLORURO,C08DA01,https://cima.aemps.es/cima/pdfs/ft/58369/FT_58369.pdf,1
bisoprolol,78905,BISOPROLOL CINFA 10 MG COMPRIMIDOS EFG,BISOPROLOL FUMARATO,C07AB07,https://cima.aemps.es/cima/pdfs/ft/78905/FT_78905.pdf,1
atenolol,63146,ATENOLOL CINFA 100 mg COMPRIMIDOS EFG,ATENOLOL,C07AB03,https://cima.aemps.es/cima/pdfs/ft/63146/FT_63146.pdf,1
carvedilol,68328,CARVEDILOL CINFA 25 mg COMPRIMIDOS EFG,CARVEDILOL,C07AG02,https://cima.aemps.es/cima/pdfs/ft/68328/FT_68328.pdf,1
nebivolol,83604,INSUCOR 10 MG COMPRIMIDOS,NEBIVOLOL HIDROCLORURO,C07AB12,https://cima.aemps.es/cima/pdfs/ft/83604/FT_83604.pdf,1
metoprolol,54503,LOPRESOR 100 mg COMPRIMIDOS RECUBIERTOS CON PELICULA,METOPROLOL TARTRATO,C07AB02,https://cima.aemps.es/cima/pdfs/ft/54503/FT_54503.pdf,1
propranolol,114919001,"HEMANGIOL 3,75 MG/ML SOLUCION ORAL",PROPRANOLOL,C07AA05,https://cima.aemps.es/cima/pdfs/ft/114919001/FT_114919001.pdf,1
furosemida,64140,FUROSEMIDA CINFA 40 mg COMPRIMIDOS EFG,FUROSEMIDA,C03CA01,https://cima.aemps.es/cima/pdfs/ft/64140/FT_64140.pdf,1
torasemida,66315,TORASEMIDA CINFA 10 mg COMPRIMIDOS EFG,TORASEMIDA,C03CA04,https://cima.aemps.es/cima/pdfs/ft/66315/FT_66315.pdf,1
hidroclorotiazida,90833,HIDROCLOROTIAZIDA NORMON 25 MG COMPRIMIDOS EFG,HIDROCLOROTIAZIDA,C03AA03,https://cima.aemps.es/cima/pdfs/ft/90833/FT_90833.pdf,1
clortalidona,45843,HIGROTONA 50 mg comprimidos,CLORTALIDONA,C03BA04,https://cima.aemps.es/cima/pdfs/ft/45843/FT_45843.pdf,1
indapamida,63368,"INDAPAMIDA NORMON 2,5 mg COMPRIMIDOS RECUBIERTOS EFG",INDAPAMIDA,C03BA11,https://cima.aemps.es/cima/pdfs/ft/63368/FT_63368.pdf,1
espironolactona,54900,ALDACTONE 100 mg COMPRIMIDOS RECUBIERTOS CON PELICULA,ESPIRONOLACTONA,C03DA01,https://cima.aemps.es/cima/pdfs/ft/54900/FT_54900.pdf,1
eplerenona,66756,ELECOR 25 mg COMPRIMIDOS RECUBIERTOS CON PELICULA,EPLERENONA,C03DA04,https://cima.aemps.es/cima/pdfs/ft/66756/FT_66756.pdf,1
digoxina,34566,"DIGOXINA KERN PHARMA 0,25 mg COMPRIMIDOS",DIGOXINA,C01AA05,https://cima.aemps.es/cima/pdfs/ft/34566/FT_34566.pdf,1
amiodarona,81291,AMIODARONA AUROVITAS 200 MG COMPRIMIDOS EFG,AMIODARONA HIDROCLORURO,C01BD01,https://cima.aemps.es/cima/pdfs/ft/81291/FT_81291.pdf,1
flecainida,79329,FLECAINIDA NORMON 100 MG COMPRIMIDOS EFG,FLECAINIDA ACETATO,C01BC04,https://cima.aemps.es/cima/pdfs/ft/79329/FT_79329.pdf,1
nitroglicerina,63682,DERMATRANS 10 mg/24 H PARCHE TRANSDERMICO,NITROGLICERINA,C01DA02,https://cima.aemps.es/cima/pdfs/ft/63682/FT_63682.pdf,1
isosorbida mononitrato,63396,MONONITRATO DE ISOSORBIDA NORMON 20 mg COMPRIMIDOS EFG,ISOSORBIDA MONONITRATO,C01DA14,https://cima.aemps.es/cima/pdfs/ft/63396/FT_63396.pdf,1
ivabradina,05317003,CORLENTOR 5 MG COMPRIMIDOS RECUBIERTOS CON PELICULA,IVABRADINA,C01EB17,https://cima.aemps.es/cima/pdfs/ft/05317003/FT_05317003.pdf,1
ranolazina,08462001,RANEXA 375 mg COMPRIMIDOS DE LIBERACION PROLONGADA,RANOLAZINA,C01EB18,https://cima.aemps.es/cima/pdfs/ft/08462001/FT_08462001.pdf,1
doxazosina,62655,CARDURAN NEO 4 mg COMPRIMIDOS DE LIBERACION MODIFICADA,DOXAZOSINA MESILATO,C02CA04,https://cima.aemps.es/cima/pdfs/ft/62655/FT_62655.pdf,1
atorvastatina,69534,ATORVASTATINA CINFA 10 mg COMPRIMIDOS RECUBIERTOS CON PELICULA EFG,ATORVASTATINA CALCICA,C10AA05,https://cima.aemps.es/cima/pdfs/ft/69534/FT_69534.pdf,1
simvastatina,70230,SIMVASTATINA CINFAMED 10 MG COMPRIMIDOS RECUBIERTOS CON PELICULA EFG,SIMVASTATINA,C10AA01,https://cima.aemps.es/cima/pdfs/ft/70230/FT_70230.pdf,1
rosuvastatina,82061,ALZIL 10 MG COMPRIMIDOS RECUBIERTOS CON PELICULA EFG,ROSUVASTATINA  CALCICA,C10AA07,https://cima.aemps.es/cima/pdfs/ft/82061/FT_82061.pdf,1
pravastatina,70155,PRAVASTATINA CINFAMED 10 mg COMPRIMIDOS EFG,PRAVASTATINA SODICA,C10AA03,https://cima.aemps.es/cima/pdfs/ft/70155/FT_70155.pdf,1
pitavastatina,73037,LIVAZO 1 mg COMPRIMIDOS RECUBIERTOS CON PELICULA,PITAVASTATINA,C10AA08,https://cima.aemps.es/cima/pdfs/ft/73037/FT_73037.pdf,1
ezetimiba,65382,ABSORCOL 10 mg COMPRIMIDOS,EZETIMIBA,C10AX09,https://cima.aemps.es/cima/pdfs/ft/65382/FT_65382.pdf,1
fenofibrato,88287,FENOFIBRATO AUROVITAS 145 MG COMPRIMIDOS RECUBIERTOS CON PELICULA EFG,FENOFIBRATO,C10AB05,https://cima.aemps.es/cima/pdfs/ft/88287/FT_88287.pdf,1
metformina,55211,DIANBEN 850 mg COMPRIMIDOS RECUBIERTOS CON PELICULA,METFORMINA HIDROCLORURO,A10BA02,https://cima.aemps.es/cima/pdfs/ft/55211/FT_55211.pdf,1
sitagliptina,07383014,JANUVIA 100 MG COMPRIMIDOS RECUBIERTOS CON PELICULA,SITAGLIPTINA FOSFATO MONOHIDRATO,A10BH01,https://cima.aemps.es/cima/pdfs/ft/07383014/FT_07383014.pdf,1
linagliptina,11707004,TRAJENTA 5 MG COMPRIMIDOS RECUBIERTOS CON PELICULA,LINAGLIPTINA,A10BH05,https://cima.aemps.es/cima/pdfs/ft/11707004/FT_11707004.pdf,1
vildagliptina,07414005,GALVUS 50 mg COMPRIMIDOS,VILDAGLIPTINA,A10BH02,https://cima.aemps.es/cima/pdfs/ft/07414005/FT_07414005.pdf,1
saxagliptina,09545012,"ONGLYZA 2,5 MG COMPRIMIDOS RECUBIERTOS CON PELICULA",SAXAGLIPTINA HIDROCLORURO,A10BH03,https://cima.aemps.es/cima/pdfs/ft/09545012/FT_09545012.pdf,1
empagliflozina,114930014,JARDIANCE 10 MG COMPRIMIDOS RECUBIERTOS CON PELICULA,EMPAGLIFLOZINA,A10BK03,https://cima.aemps.es/cima/pdfs/ft/114930014/FT_114930014.pdf,1
dapagliflozina,1151052007,EDISTRIDE 10 MG COMPRIMIDOS RECUBIERTOS CON PELICULA,DAPAGLIFLOZINA,A10BK01,https://cima.aemps.es/cima/pdfs/ft/1151052007/FT_1151052007.pdf,1
canagliflozina,113884002,INVOKANA 100 MG COMPRIMIDOS RECUBIERTOS CON PELICULA,CANAGLIFLOZINA,A10BK02,https://cima.aemps.es/cima/pdfs/ft/113884002/FT_113884002.pdf,1
gliclazida,63644,DIAMICRON 30 mg COMPRIMIDOS DE LIBERACION MODIFICADA,GLICLAZIDA,A10BB09,https://cima.aemps.es/cima/pdfs/ft/63644/FT_63644.pdf,1
glimepirida,67512,GLIMEPIRIDA CINFA 2 mg COMPRIMIDOS EFG,GLIMEPIRIDA,A10BB12,https://cima.aemps.es/cima/pdfs/ft/67512/FT_67512.pdf,1
repaglinida,98076005,"NOVONORM 0,5 mg, COMPRIMIDOS",REPAGLINIDA,A10BX02,https://cima.aemps.es/cima/pdfs/ft/98076005/FT_98076005.pdf,1
pioglitazona,76481,PIOGLITAZONA CINFA 15 MG COMPRIMIDOS EFG,PIOGLITAZONA HIDROCLORURO,A10BG03,https://cima.aemps.es/cima/pdfs/ft/76481/FT_76481.pdf,1
insulina glargina,114944012,ABASAGLAR 100 UNIDADES/ML KWIKPEN SOLUCION INYECTABLE EN PLUMA PRECARGADA,INSULINA GLARGINA,A10AE04,https://cima.aemps.es/cima/pdfs/ft/114944012/FT_114944012.pdf,1
insulina degludec,112807004,TRESIBA 100 UNIDADES/ML FLEXTOUCH SOLUCION INYECTABLE EN PLUMA PRECARGADA,INSULINA DEGLUDEC,A10AE06,https://cima.aemps.es/cima/pdfs/ft/112807004/FT_112807004.pdf,1
insulina aspart,1161160001,FIASP 100 UNIDADES/ML FLEXTOUCH SOLUCION INYECTABLE EN PLUMA PRECARGADA,INSULINA ASPARTA,A10AB05,https://cima.aemps.es/cima/pdfs/ft/1161160001/FT_1161160001.pdf,1
insulina lispro,196007044,HUMALOG JUNIOR KWIKPEN 100 UNIDADES/ML SOLUCION INYECTABLE EN PLUMA PRECARGADA,INSULINA LISPRO,A10AB04,https://cima.aemps.es/cima/pdfs/ft/196007044/FT_196007044.pdf,1
semaglutida,117251002,"OZEMPIC 0,25 MG SOLUCION INYECTABLE EN PLUMA PRECARGADA",SEMAGLUTIDA,A10BJ06,https://cima.aemps.es/cima/pdfs/ft/117251002/FT_117251002.pdf,1
liraglutida,90096,LIRAGLUTIDA ZENTIVA 6 MG/ML SOLUCION INYECTABLE EN PLUMA PRECARGADA,LIRAGLUTIDA,A10BJ02,https://cima.aemps.es/cima/pdfs/ft/90096/FT_90096.pdf,1
dulaglutida,114956002,"TRULICITY 0,75 mg SOLUCION INYECTABLE EN PLUMA PRECARGADA",DULAGLUTIDA,A10BJ05,https://cima.aemps.es/cima/pdfs/ft/114956002/FT_114956002.pdf,1
pantoprazol,74483,NORMOGASTROL 20 mg COMPRIMIDOS GASTRORRESISTENTES,PANTOPRAZOL SODICO,A02BC02,https://cima.aemps.es/cima/pdfs/ft/74483/FT_74483.pdf,1
lansoprazol,66146,LANSOPRAZOL CINFA 15 mg CAPSULAS GASTRORRESISTENTES EFG,LANSOPRAZOL,A02BC03,https://cima.aemps.es/cima/pdfs/ft/66146/FT_66146.pdf,1
rabeprazol,62461,PARIET 10 mg COMPRIMIDOS GASTRORRESISTENTES,RABEPRAZOL SODICO,A02BC04,https://cima.aemps.es/cima/pdfs/ft/62461/FT_62461.pdf,1
famotidina,63319,FAMOTIDINA CINFA 20 mg COMPRIMIDOS RECUBIERTOS CON PELICULA EFG,FAMOTIDINA,A02BA03,https://cima.aemps.es/cima/pdfs/ft/63319/FT_63319.pdf,1
metoclopramida,75665,METOCLOPRAMIDA ACCORD 10 MG COMPRIMIDOS EFG,METOCLOPRAMIDA HIDROCLORURO,A03FA01,https://cima.aemps.es/cima/pdfs/ft/75665/FT_75665.pdf,1
domperidona,57096,"DOMPERIDONA GAMIR 10 mg, CÁPSULAS DURAS",DOMPERIDONA,A03FA03,https://cima.aemps.es/cima/pdfs/ft/57096/FT_57096.pdf,1
ondansetron,69378,ONDANSETRON NORMON 4 mg COMPRIMIDOS RECUBIERTOS CON PELICULA EFG,ONDANSETRON HIDROCLORURO DIHIDRATO,A04AA01,https://cima.aemps.es/cima/pdfs/ft/69378/FT_69378.pdf,1
lactulosa,60189,DUPHALAC 10 G SOLUCION ORAL EN SOBRE,LACTULOSA,A06AD11,https://cima.aemps.es/cima/pdfs/ft/60189/FT_60189.pdf,1
macrogol,73081,CASENLAX 10 g POLVO PARA SOLUCION ORAL EN SOBRE,MACROGOL 4000,A06AD15,https://cima.aemps.es/cima/pdfs/ft/73081/FT_73081.pdf,1
lactitol,59638,EMPORTAL 10 g POLVO PARA SOLUCION ORAL,LACTITOL MONOHIDRATO,A06AD12,https://cima.aemps.es/cima/pdfs/ft/59638/FT_59638.pdf,1
loperamida,86472,DIARFIN FLAS 2 MG LIOFILIZADO ORAL,LOPERAMIDA HIDROCLORURO,A07DA03,https://cima.aemps.es/cima/pdfs/ft/86472/FT_86472.pdf,1
mesalazina,85816,ASACOL 1 G SUPOSITORIOS,MESALAZINA,A07EC02,https://cima.aemps.es/cima/pdfs/ft/85816/FT_85816.pdf,1
almagato,85630,"ALMAGATO STADAPHARM 1,5 G SUSPENSION ORAL",ALMAGATO,A02AD03,https://cima.aemps.es/cima/pdfs/ft/85630/FT_85630.pdf,1
butilescopolamina,18221,BUSCAPINA 10 mg COMPRIMIDOS RECUBIERTOS,BUTILESCOPOLAMINA BROMURO,A03BB01,https://cima.aemps.es/cima/pdfs/ft/18221/FT_18221.pdf,1
salbutamol,73563,SALBUAIR 2.5 mg SOLUCION PARA INHALACION POR NEBULIZADOR,SALBUTAMOL SULFATO,R03AC02,https://cima.aemps.es/cima/pdfs/ft/73563/FT_73563.pdf,1
terbutalina,58859,TERBASMIN TURBUHALER 500 microgramos/inhalacion POLVO PARA INHALACION,TERBUTALINA SULFATO,R03AC03,https://cima.aemps.es/cima/pdfs/ft/58859/FT_58859.pdf,1
ipratropio,72581,ATROALDO 20 microgramos/PULSACION SOLUCION PARA INHALACION EN ENVASE A PRESION,IPRATROPIO BROMURO,R03BB01,https://cima.aemps.es/cima/pdfs/ft/72581/FT_72581.pdf,1
tiotropio,69589,"SPIRIVA RESPIMAT 2,5 microgramos SOLUCION PARA INHALACION",TIOTROPIO BROMURO,R03BB04,https://cima.aemps.es/cima/pdfs/ft/69589/FT_69589.pdf,1
umeclidinio,114922002,INCRUSE ELLIPTA 55 mcg POLVO PARA INHALACION UNIDOSIS,UMECLIDINIO BROMURO,R03BB07,https://cima.aemps.es/cima/pdfs/ft/114922002/FT_114922002.pdf,1
glicopirronio,12778003,SEEBRI BREEZHALER 44 MICROGRAMOS POLVO PARA INHALACION (CAPSULA DURA),GLICOPIRRONIO BROMURO,R03BB06,https://cima.aemps.es/cima/pdfs/ft/12778003/FT_12778003.pdf,1
budesonida,60537,BUDESONIDA ALCON 100 microgramos/DOSIS SUSPENSION PARA PULVERIZACION NASAL,BUDESONIDA,R01AD05,https://cima.aemps.es/cima/pdfs/ft/60537/FT_60537.pdf,1
beclometasona,59377,BECLOFORTE 250 microgramos/inhalación SOLUCION PARA INHALACION EN ENVASE A PRESION,BECLOMETASONA DIPROPIONATO,R03BA01,https://cima.aemps.es/cima/pdfs/ft/59377/FT_59377.pdf,1
fluticasona,07434003,"AVAMYS 27,5 MICROGRAMOS/PULVERIZACION, SUSPENSION PARA PULVERIZACION NASAL",FLUTICASONA FUROATO,R01AD12,https://cima.aemps.es/cima/pdfs/ft/07434003/FT_07434003.pdf,1
formoterol,67037,BRONCORAL NEO 12 microgramos/PULSACION SOLUCION PARA INHALACION EN ENVASE A PRESION,FORMOTEROL FUMARATO DIHIDRATO,R03AC13,https://cima.aemps.es/cima/pdfs/ft/67037/FT_67037.pdf,1
salmeterol,59522,"BEGLAN ACCUHALER 50 microgramos/inhalación, polvo para inhalación",SALMETEROL XINAFOATO,R03AC12,https://cima.aemps.es/cima/pdfs/ft/59522/FT_59522.pdf,1
indacaterol,09593002,ONBREZ BREEZHALER 150 microgramos POLVO PARA INHALACION (CAPSULA DURA),INDACATEROL MALEATO,R03AC18,https://cima.aemps.es/cima/pdfs/ft/09593002/FT_09593002.pdf,1
montelukast,75831,MONTELUKAST CINFA 10 mg COMPRIMIDOS RECUBIERTOS CON PELICULA EFG,MONTELUKAST SODICO,R03DC03,https://cima.aemps.es/cima/pdfs/ft/75831/FT_75831.pdf,1
acetilcisteina,62389,ACETILCISTEÍNA BEXAL 200 mg POLVO PARA SOLUCIÓN ORAL EFG,ACETILCISTEINA,R05CB01,https://cima.aemps.es/cima/pdfs/ft/62389/FT_62389.pdf,1
roflumilast,110636008,DAXAS 250 MICROGRAMOS COMPRIMIDOS,ROFLUMILAST,R03DX07,https://cima.aemps.es/cima/pdfs/ft/110636008/FT_110636008.pdf,1
lorazepam,68477,LORAZEPAM CINFA 1 mg COMPRIMIDOS EFG,LORAZEPAM,N05BA06,https://cima.aemps.es/cima/pdfs/ft/68477/FT_68477.pdf,1
alprazolam,64214,"ALPRAZOLAM CINFA 0,25 mg COMPRIMIDOS EFG",ALPRAZOLAM,N05BA12,https://cima.aemps.es/cima/pdfs/ft/64214/FT_64214.pdf,1
diazepam,80699,DIAZEPAM CINFA 10 MG COMPRIMIDOS EFG,DIAZEPAM,N05BA01,https://cima.aemps.es/cima/pdfs/ft/80699/FT_80699.pdf,1
clonazepam,79769,CLONAZEPAM BIOMED 2 MG COMPRIMIDOS EFG,CLONAZEPAM,N03AE01,https://cima.aemps.es/cima/pdfs/ft/79769/FT_79769.pdf,1
lormetazepam,68371,LORMETAZEPAM CINFA 1 mg COMPRIMIDOS EFG,LORMETAZEPAM,N05CD06,https://cima.aemps.es/cima/pdfs/ft/68371/FT_68371.pdf,1
bromazepam,73132,"BROMAZEPAM NORMON 1,5 mg CAPSULAS DURAS EFG",BROMAZEPAM,N05BA08,https://cima.aemps.es/cima/pdfs/ft/73132/FT_73132.pdf,1
clorazepato,74362,CLORAZEPATO NORMON 10 mg CAPSULAS DURAS EFG,CLORAZEPATO DIPOTASIO,N05BA05,https://cima.aemps.es/cima/pdfs/ft/74362/FT_74362.pdf,1
zolpidem,65400,ZOLPIDEM CINFA 10 mg COMPRIMIDOS RECUBIERTOS CON PELICULA EFG,ZOLPIDEM TARTRATO,N05CF02,https://cima.aemps.es/cima/pdfs/ft/65400/FT_65400.pdf,1
clometiazol,46186,DISTRANEURINE 192 MG CÁPSULAS BLANDAS,CLOMETIAZOL,N05CM02,https://cima.aemps.es/cima/pdfs/ft/46186/FT_46186.pdf,1
melatonina,07392003,CIRCADIN 2 mg COMPRIMIDOS DE LIBERACION PROLONGADA (30 COMPRIMIDOS),MELATONINA,N05CH01,https://cima.aemps.es/cima/pdfs/ft/07392003/FT_07392003.pdf,1
trazodona,83568,TRAZODONA CINFA 100 MG COMPRIMIDOS EFG,TRAZODONA HIDROCLORURO,N06AX05,https://cima.aemps.es/cima/pdfs/ft/83568/FT_83568.pdf,1
mirtazapina,86890,MIRTAZAPINA CINFA 15 MG COMPRIMIDOS RECUBIERTOS CON PELICULA EFG,MIRTAZAPINA,N06AX11,https://cima.aemps.es/cima/pdfs/ft/86890/FT_86890.pdf,1
sertralina,59718,BESITRAN 100 mg COMPRIMIDOS RECUBIERTOS CON PELICULA,SERTRALINA HIDROCLORURO,N06AB06,https://cima.aemps.es/cima/pdfs/ft/59718/FT_59718.pdf,1
escitalopram,71430,ESCITALOPRAM CINFA 10 mg COMPRIMIDOS RECUBIERTOS CON PELICULA EFG,ESCITALOPRAM OXALATO,N06AB10,https://cima.aemps.es/cima/pdfs/ft/71430/FT_71430.pdf,1
citalopram,66483,CITALOPRAM BEXAL 20 mg COMPRIMIDOS RECUBIERTOS CON PELICULA EFG,CITALOPRAM HIDROBROMURO,N06AB04,https://cima.aemps.es/cima/pdfs/ft/66483/FT_66483.pdf,1
paroxetina,59466,FROSINOR 20 mg COMPRIMIDOS RECUBIERTOS CON PELICULA,PAROXETINA  HIDROCLORURO,N06AB05,https://cima.aemps.es/cima/pdfs/ft/59466/FT_59466.pdf,1
fluoxetina,63499,FLUOXETINA CINFA 20 mg CAPSULAS DURAS EFG,FLUOXETINA HIDROCLORURO,N06AB03,https://cima.aemps.es/cima/pdfs/ft/63499/FT_63499.pdf,1
duloxetina,88002,DULOXETINA CINFAMED 120 MG CAPSULAS DURAS GASTRORRESISTENTES,DULOXETINA HIDROCLORURO,N06AX21,https://cima.aemps.es/cima/pdfs/ft/88002/FT_88002.pdf,1
vortioxetina,113891010,Brintellix 10 mg comprimidos recubiertos con pelicula,VORTIOXETINA HIDROBROMURO,N06AX26,https://cima.aemps.es/cima/pdfs/ft/113891010/FT_113891010.pdf,1
agomelatina,83546,AGOMELATINA STADA 25 MG COMPRIMIDOS RECUBIERTOS CON PELICULA EFG,AGOMELATINA ACIDO CITRICO,N06AX22,https://cima.aemps.es/cima/pdfs/ft/83546/FT_83546.pdf,1
amitriptilina,51064,TRYPTIZOL 10 mg COMPRIMIDOS RECUBIERTOS CON PELICULA,AMITRIPTILINA HIDROCLORURO,N06AA09,https://cima.aemps.es/cima/pdfs/ft/51064/FT_51064.pdf,1
bupropion,81595,BUPROPION CINFA 150 MG COMPRIMIDOS DE LIBERACION MODIFICADA EFG,BUPROPION HIDROCLORURO,N06AX12,https://cima.aemps.es/cima/pdfs/ft/81595/FT_81595.pdf,1
quetiapina,84518,QUDIX PROLONG 150 MG COMPRIMIDOS DE LIBERACION PROLONGADA EFG,QUETIAPINA FUMARATO,N05AH04,https://cima.aemps.es/cima/pdfs/ft/84518/FT_84518.pdf,1
risperidona,65213,RISPERDAL CONSTA 25 mg POLVO Y DISOLVENTE PARA SUSPENSION DE LIBERACION PROLONGADA PARA INYECCION INTRAMUSCULAR,RISPERIDONA,N05AX08,https://cima.aemps.es/cima/pdfs/ft/65213/FT_65213.pdf,1
olanzapina,85116,OLANZAPINA CINFA 10 MG CAPSULAS DURAS EFG,OLANZAPINA,N05AH03,https://cima.aemps.es/cima/pdfs/ft/85116/FT_85116.pdf,1
haloperidol,58343,HALOPERIDOL ESTEVE 10 mg COMPRIMIDOS,HALOPERIDOL,N05AD01,https://cima.aemps.es/cima/pdfs/ft/58343/FT_58343.pdf,1
aripiprazol,80788,ARIPIPRAZOL CINFA 1 MG/ML SOLUCION ORAL EFG,ARIPIPRAZOL,N05AX12,https://cima.aemps.es/cima/pdfs/ft/80788/FT_80788.pdf,1
paliperidona,107395041,INVEGA 3 MG COMPRIMIDOS DE LIBERACION PROLONGADA,PALIPERIDONA,N05AX13,https://cima.aemps.es/cima/pdfs/ft/107395041/FT_107395041.pdf,1
tiaprida,54279,TIAPRIZAL 100 mg COMPRIMIDOS,TIAPRIDA,N05AL03,https://cima.aemps.es/cima/pdfs/ft/54279/FT_54279.pdf,1
clozapina,88019,CLOZAPINA STADA 100 MG COMPRIMIDOS EFG,CLOZAPINA,N05AH02,https://cima.aemps.es/cima/pdfs/ft/88019/FT_88019.pdf,1
donepezilo,68214,ARICEPT FLAS 10 MG COMPRIMIDOS BUCODISPERSBLES,DONEPEZILO HIDROCLORURO,N06DA02,https://cima.aemps.es/cima/pdfs/ft/68214/FT_68214.pdf,1
rivastigmina,198066029,"EXELON 13,3 mg/24 H PARCHE TRANSDERMICO",RIVASTIGMINA,N06DA03,https://cima.aemps.es/cima/pdfs/ft/198066029/FT_198066029.pdf,1
galantamina,77289,GALANTAMINA CINFA 16 MG CAPSULAS DURAS DE LIBERACION PROLONGADA EFG,GALANTAMINA HIDROBROMURO,N06DA04,https://cima.aemps.es/cima/pdfs/ft/77289/FT_77289.pdf,1
memantina,77539,MEMANTINA CINFA 10 MG COMPRIMIDOS RECUBIERTOS CON PELICULA EFG,MEMANTINA HIDROCLORURO,N06DX01,https://cima.aemps.es/cima/pdfs/ft/77539/FT_77539.pdf,1
rasagilina,80951,RASAGILINA CINFA 1 MG COMPRIMIDOS EFG,RASAGILINA TARTRATO,N04BD02,https://cima.aemps.es/cima/pdfs/ft/80951/FT_80951.pdf,1
pramipexol,97051003,"MIRAPEXIN 0,18 mg COMPRIMIDOS",PRAMIPEXOL,N04BC05,https://cima.aemps.es/cima/pdfs/ft/97051003/FT_97051003.pdf,1
ropinirol,67919,"ADARTREL 0,25 mg COMPRIMIDOS RECUBIERTOS CON PELICULA",ROPINIROL,N04BC04,https://cima.aemps.es/cima/pdfs/ft/67919/FT_67919.pdf,1
rotigotina,89089,DARIANTE 1 MG/24 HORAS PARCHES TRANSDÉRMICOS EFG,ROTIGOTINA,N04BC09,https://cima.aemps.es/cima/pdfs/ft/89089/FT_89089.pdf,1
levetiracetam,76440,LEVETIRACETAM CINFA 100 MG/MLl SOLUCION ORAL EFG,LEVETIRACETAM,N03AX14,https://cima.aemps.es/cima/pdfs/ft/76440/FT_76440.pdf,1
valproico,68033,ACIDO VALPROICO ALTAN 400 mg POLVO PARA SOLUCION INYECTABLE EFG,VALPROATO SODIO,N03AG01,https://cima.aemps.es/cima/pdfs/ft/68033/FT_68033.pdf,1
carbamazepina,62620,CARBAMAZEPINA NORMON 200 mg COMPRIMIDOS EFG,CARBAMAZEPINA,N03AF01,https://cima.aemps.es/cima/pdfs/ft/62620/FT_62620.pdf,1
oxcarbazepina,77722,OXCARBAZEPINA CINFA 300 MG COMPRIMIDOS RECUBIERTOS CON PELICULA EFG,OXCARBAZEPINA,N03AF02,https://cima.aemps.es/cima/pdfs/ft/77722/FT_77722.pdf,1
lamotrigina,64462,CRISOMET 100 mg COMPRIMIDOS MASTICABLES/DISPERSABLES,LAMOTRIGINA,N03AX09,https://cima.aemps.es/cima/pdfs/ft/64462/FT_64462.pdf,1
lacosamida,1231732001,LACOSAMIDA ADROIQ 10 MG/ML SOLUCION PARA PERFUSION,LACOSAMIDA,N03AX18,https://cima.aemps.es/cima/pdfs/ft/1231732001/FT_1231732001.pdf,1
gabapentina,67970,GABAPENTINA CINFA 300 mg CAPSULAS DURAS EFG,GABAPENTINA,N02BF01,https://cima.aemps.es/cima/pdfs/ft/67970/FT_67970.pdf,1
pregabalina,104279015,LYRICA 100 MG CAPSULAS DURAS,PREGABALINA,N02BF02,https://cima.aemps.es/cima/pdfs/ft/104279015/FT_104279015.pdf,1
topiramato,69661,ACOMICIL 100 mg COMPRIMIDOS RECUBIERTOS CON PELICULA EFG,TOPIRAMATO,N03AX11,https://cima.aemps.es/cima/pdfs/ft/69661/FT_69661.pdf,1
fenitoina,45695,EPANUTIN 100 mg CAPSULAS DURAS,FENITOINA SODICA,N03AB02,https://cima.aemps.es/cima/pdfs/ft/45695/FT_45695.pdf,1
litio,48932,PLENUR 400 MG COMPRIMIDOS DE LIBERACION MODIFICADA,LITIO CARBONATO,N05AN01,https://cima.aemps.es/cima/pdfs/ft/48932/FT_48932.pdf,1
tamsulosina,66678,"OMNIC OCAS 0,4 mg COMPRIMIDOS DE LIBERACION PROLONGADA RECUBIERTOS CON PELICULA",TAMSULOSINA HIDROCLORURO,G04CA02,https://cima.aemps.es/cima/pdfs/ft/66678/FT_66678.pdf,1
silodosina,84633,SILODOSINA NORMON 4 MG CAPSULAS DURAS EFG,SILODOSINA,G04CA04,https://cima.aemps.es/cima/pdfs/ft/84633/FT_84633.pdf,1
alfuzosina,67605,ALFUZOSINA STADA 10 mg COMPRIMIDOS DE LIBERACION PROLONGADA EFG,ALFUZOSINA HIDROCLORURO,G04CA01,https://cima.aemps.es/cima/pdfs/ft/67605/FT_67605.pdf,1
finasterida,76704,FINASTERIDA CINFA 1 MG COMPRIMIDOS RECUBIERTOS CON PELICULA EFG,FINASTERIDA,D11AX10,https://cima.aemps.es/cima/pdfs/ft/76704/FT_76704.pdf,1
dutasterida,65178,"AVIDART 0,5 mg CAPSULAS BLANDAS",DUTASTERIDA,G04CB02,https://cima.aemps.es/cima/pdfs/ft/65178/FT_65178.pdf,1
solifenacina,83023,SOLIFENACINA CINFA 10 MG COMPRIMIDOS RECUBIERTOS CON PELICULA EFG,SOLIFENACINA SUCCINATO,G04BD08,https://cima.aemps.es/cima/pdfs/ft/83023/FT_83023.pdf,1
oxibutinina,03270001,"KENTERA 3,9 mg/24 HORAS, PARCHE TRANSDERMICO",OXIBUTININA,G04BD04,https://cima.aemps.es/cima/pdfs/ft/03270001/FT_03270001.pdf,1
mirabegron,112809010,BETMIGA 50mg comprimidos de liberacion prolongada,MIRABEGRON,G04BD12,https://cima.aemps.es/cima/pdfs/ft/112809010/FT_112809010.pdf,1
fesoterodina,86136,FESOTERODINA CINFA 4 MG COMPRIMIDOS DE LIBERACION PROLONGADA EFG,FESOTERODINA FUMARATO,G04BD11,https://cima.aemps.es/cima/pdfs/ft/86136/FT_86136.pdf,1
tolterodina,77250,TOLTERODINA NEO CINFA 4 MG CAPSULAS DURAS DE LIBERACION PROLONGADA EFG,TOLTERODINA TARTRATO,G04BD07,https://cima.aemps.es/cima/pdfs/ft/77250/FT_77250.pdf,1
tadalafilo,84402,ACORE 10 MG COMPRIMIDOS RECUBIERTOS CON PELICULA EFG,TADALAFILO,G04BE08,https://cima.aemps.es/cima/pdfs/ft/84402/FT_84402.pdf,1
levotiroxina,64014,EUTIROX 100 microgramos COMPRIMIDOS,LEVOTIROXINA SODICA,H03AA01,https://cima.aemps.es/cima/pdfs/ft/64014/FT_64014.pdf,1
tiamazol,84928,TIRODRIL 10 MG COMPRIMIDOS,TIAMAZOL,H03BB02,https://cima.aemps.es/cima/pdfs/ft/84928/FT_84928.pdf,1
prednisona,75649,PREDNISONA CINFA 10 mg COMPRIMIDOS,PREDNISONA,H02AB07,https://cima.aemps.es/cima/pdfs/ft/75649/FT_75649.pdf,1
metilprednisolona,60137,ADVENTAN 1 mg/g CREMA,METILPREDNISOLONA ACEPONATO,D07AC14,https://cima.aemps.es/cima/pdfs/ft/60137/FT_60137.pdf,1
dexametasona,40602,COLIRCUSI DEXAMETASONA 1 mg/ml colirio en solución,DEXAMETASONA FOSFATO SODIO,S01BA01,https://cima.aemps.es/cima/pdfs/ft/40602/FT_40602.pdf,1
hidrocortisona,52105,ACTOCORTINA 373 mg POLVO PARA SOLUCIÓN INYECTABLE,HIDROCORTISONA FOSFATO SODIO,H02AB09,https://cima.aemps.es/cima/pdfs/ft/52105/FT_52105.pdf,1
deflazacort,73873,DEFLAZACORT CINFA 30 mg COMPRIMIDOS EFG,DEFLAZACORT,H02AB13,https://cima.aemps.es/cima/pdfs/ft/73873/FT_73873.pdf,1
alendronico,70911,ACIDO ALENDRONICO SEMANAL CINFAMED 70 mg COMPRIMIDOS EFG,ALENDRONATO SODIO TRIHIDRATO,M05BA04,https://cima.aemps.es/cima/pdfs/ft/70911/FT_70911.pdf,1
risedronico,79140,RISEDRONATO NORMON 75 MG COMPRIMIDOS RECUBIERTOS CON PELICULA EFG,RISEDRONATO SODIO,M05BA07,https://cima.aemps.es/cima/pdfs/ft/79140/FT_79140.pdf,1
ibandronico,74407,ACIDO IBANDRONICO CINFA 150 mg COMPRIMIDOS RECUBIERTOS CON PELICULA EFG,IBANDRONICO ACIDO,M05BA06,https://cima.aemps.es/cima/pdfs/ft/74407/FT_74407.pdf,1
zoledronico,76294,ACIDO ZOLEDRONICO ALTAN 4 MG/ 5ML CONCENTRADO PARA SOLUCION PARA PERFUSION EFG,ACIDO ZOLEDRONICO,M05BA08,https://cima.aemps.es/cima/pdfs/ft/76294/FT_76294.pdf,1
denosumab,1251983001,ACVYBRA 60 MG SOLUCION INYECTABLE EN JERINGA PRECARGADA,DENOSUMAB,M05BX04,https://cima.aemps.es/cima/pdfs/ft/1251983001/FT_1251983001.pdf,1
colecalciferol,89368,COLECALCIFEROL NORMON 10.000 UI/ML GOTAS ORALES EN SOLUCIÓN,COLECALCIFEROL,A11CC05,https://cima.aemps.es/cima/pdfs/ft/89368/FT_89368.pdf,1
calcifediol,53684,HIDROFEROL CHOQUE 3 mg SOLUCION ORAL,CALCIFEDIOL,A11CC06,https://cima.aemps.es/cima/pdfs/ft/53684/FT_53684.pdf,1
teriparatida,85653,DURATIL 20 MICROGRAMOS/80 MICROLITROS SOLUCION INYECTABLE EN PLUMA PRECARGADA EFG,TERIPARATIDA,H05AA02,https://cima.aemps.es/cima/pdfs/ft/85653/FT_85653.pdf,1
amoxicilina,62880,AMOXICILINA CINFA 1000 MG COMPRIMIDOS EFG,AMOXICILINA TRIHIDRATO,J01CA04,https://cima.aemps.es/cima/pdfs/ft/62880/FT_62880.pdf,1
cloxacilina,63636,CLOXACILINA NORMON 1 G POLVO PARA SOLUCION INYECTABLE Y PARA PERFUSION EFG,CLOXACILINA SODICA,J01CF02,https://cima.aemps.es/cima/pdfs/ft/63636/FT_63636.pdf,1
cefuroxima,72258,CEFUROXIMA CINFA 250 mg COMPRIMIDOS RECUBIERTOS CON PELICULA EFG,CEFUROXIMA AXETILO,J01DC02,https://cima.aemps.es/cima/pdfs/ft/72258/FT_72258.pdf,1
cefixima,66398,CEFIXIMA NORMON 200 mg CAPSULAS DURAS EFG,CEFIXIMA TRIHIDRATO,J01DD08,https://cima.aemps.es/cima/pdfs/ft/66398/FT_66398.pdf,1
ceftriaxona,62635,CEFTRIAXONA NORMON 1000 MG POLVO Y DISOLVENTE PARA SOLUCIÓN INYECTABLE Y PARA PERFUSION EFG,CEFTRIAXONA SODICA,J01DD04,https://cima.aemps.es/cima/pdfs/ft/62635/FT_62635.pdf,1
cefazolina,64849,CEFAZOLINA NORMON 1 G POLVO Y DISOLVENTE PARA SOLUCIÓN INYECTABLE INTRAVENOSA EFG.,CEFAZOLINA SODICA,J01DB04,https://cima.aemps.es/cima/pdfs/ft/64849/FT_64849.pdf,1
azitromicina,65600,AZITROMICINA CINFA 500 mg COMPRIMIDOS RECUBIERTOS CON PELICULA EFG,AZITROMICINA DIHIDRATO,J01FA10,https://cima.aemps.es/cima/pdfs/ft/65600/FT_65600.pdf,1
claritromicina,67638,CLARITROMICINA CINFA 250 mg COMPRIMIDOS RECUBIERTOS CON PELICULA EFG,CLARITROMICINA,J01FA09,https://cima.aemps.es/cima/pdfs/ft/67638/FT_67638.pdf,1
levofloxacino,75614,LEVOFLOXACINO CINFA 500 mg COMPRIMIDOS RECUBIERTOS CON PELICULA EFG,LEVOFLOXACINO HEMIHIDRATO,J01MA12,https://cima.aemps.es/cima/pdfs/ft/75614/FT_75614.pdf,1
ciprofloxacino,61791,ACEOTO 3 MG/ML GOTAS ÓTICAS EN SOLUCIÓN,CIPROFLOXACINO,S02AA15,https://cima.aemps.es/cima/pdfs/ft/61791/FT_61791.pdf,1
moxifloxacino,77662,MOXIFLOXACINO CINFA 400 MG COMPRIMIDOS RECUBIERTOS CON PELICULA EFG,MOXIFLOXACINO HIDROCLORURO,J01MA14,https://cima.aemps.es/cima/pdfs/ft/77662/FT_77662.pdf,1
fosfomicina,80903,FOSFOMICINA ABAMED 3G GRANULADO PARA SOLUCION ORAL EN SOBRES EFG,FOSFOMICINA TROMETAMOL,J01XX01,https://cima.aemps.es/cima/pdfs/ft/80903/FT_80903.pdf,1
nitrofurantoina,34388,FURANTOINA 10 mg/ml SUSPENSION ORAL,NITROFURANTOINA,J01XE01,https://cima.aemps.es/cima/pdfs/ft/34388/FT_34388.pdf,1
doxiciclina,47077,DOXICICLINA NORMON 100 MG COMPRIMIDOS RECUBIERTOS,DOXICICLINA HICLATO,J01AA02,https://cima.aemps.es/cima/pdfs/ft/47077/FT_47077.pdf,1
clindamicina,63667,CLINDAMICINA NORMON 300 mg/2 ml SOLUCION INYECTABLE EFG,CLINDAMICINA FOSFATO,J01FF01,https://cima.aemps.es/cima/pdfs/ft/63667/FT_63667.pdf,1
metronidazol,62223,METRONIDAZOL NORMON 250 mg COMPRIMIDOS EFG,METRONIDAZOL,P01AB01,https://cima.aemps.es/cima/pdfs/ft/62223/FT_62223.pdf,1
linezolid,79231,LINEZOLID AUROVITAS SPAIN 600 MG COMPRIMIDOS RECUBIERTOS CON PELICULA EFG,LINEZOLID,J01XX08,https://cima.aemps.es/cima/pdfs/ft/79231/FT_79231.pdf,1
vancomicina,85651,VANCOMICINA NORMON 1000 MG POLVO PARA CONCENTRADO PARA SOLUCION PARA PERFUSION EFG,VANCOMICINA HIDROCLORURO,J01XA01,https://cima.aemps.es/cima/pdfs/ft/85651/FT_85651.pdf,1
fluconazol,59672,DIFLUCAN 10 mg/ml POLVO PARA SUSPENSION ORAL,FLUCONAZOL,J02AC01,https://cima.aemps.es/cima/pdfs/ft/59672/FT_59672.pdf,1
nistatina,28262,MYCOSTATIN 100.000 UI/ml SUSPENSION ORAL,NISTATINA,A07AA02,https://cima.aemps.es/cima/pdfs/ft/28262/FT_28262.pdf,1
aciclovir,84468,ACICLOVIR CINFA 200 MG COMPRIMIDOS EFG,ACICLOVIR,J05AB01,https://cima.aemps.es/cima/pdfs/ft/84468/FT_84468.pdf,1
valaciclovir,74717,VALACICLOVIR TECNIGEN 1000 mg COMPRIMIDOS RECUBIERTOS CON PELICULA EFG,VALACICLOVIR  HIDROCLORURO,J05AB11,https://cima.aemps.es/cima/pdfs/ft/74717/FT_74717.pdf,1
oseltamivir,1140915005,EBILFUMIN 75 MG CAPSULAS DURAS EFG,OSELTAMIVIR FOSFATO,J05AH02,https://cima.aemps.es/cima/pdfs/ft/1140915005/FT_1140915005.pdf,1
hierro sacarosa,66705,FERIV 20 mg/ml SOLUCION INYECTABLE O CONCENTRADO PARA SOLUCION PARA PERFUSION,HIERRO SACAROSA,B03AC,https://cima.aemps.es/cima/pdfs/ft/66705/FT_66705.pdf,1
acido folico,11265,ACFOL 5 mg COMPRIMIDOS,ACIDO FOLICO HIDRATO,B03BB01,https://cima.aemps.es/cima/pdfs/ft/11265/FT_11265.pdf,1
cianocobalamina,90044,BECAREN 1.000 MICROGRAMOS COMPRIMIDOS,CIANOCOBALAMINA,B03BA01,https://cima.aemps.es/cima/pdfs/ft/90044/FT_90044.pdf,1
eritropoyetina,07410002,"BINOCRIT, 1000 UI/0,5 ml, SOLUCION INYECTABLE EN UNA JERINGA PRECARGADA",EPOETINA ALFA,B03XA01,https://cima.aemps.es/cima/pdfs/ft/07410002/FT_07410002.pdf,1
alopurinol,84085,ALOPURINOL CINFAMED 100 MG COMPRIMIDOS EFG,ALOPURINOL,M04AA01,https://cima.aemps.es/cima/pdfs/ft/84085/FT_84085.pdf,1
febuxostat,08447003,ADENURIC 120 MG COMPRIMIDOS RECUBIERTOS CON PELICULA,FEBUXOSTAT,M04AA03,https://cima.aemps.es/cima/pdfs/ft/08447003/FT_08447003.pdf,1
colchicina,90154,"COLCHICINA INDOCO 0,5 MG COMPRIMIDOS EFG",COLCHICINA,M04AC01,https://cima.aemps.es/cima/pdfs/ft/90154/FT_90154.pdf,1
cetirizina,66044,ALERCINA 10 mg COMPRIMIDOS,CETIRIZINA DIHIDROCLORURO,R06AE07,https://cima.aemps.es/cima/pdfs/ft/66044/FT_66044.pdf,1
levocetirizina,73181,LEVOCETIRIZINA NORMON 5 mg COMPRIMIDOS RECUBIERTOS CON PELICULA EFG,LEVOCETIRIZINA DIHIDROCLORURO,R06AE09,https://cima.aemps.es/cima/pdfs/ft/73181/FT_73181.pdf,1
ebastina,63365,BACTIL FORTE 20 mg COMPRIMIDOS RECUBIERTOS CON PELICULA,EBASTINA,R06AX22,https://cima.aemps.es/cima/pdfs/ft/63365/FT_63365.pdf,1
bilastina,85180,ABRILIA 20 MG COMPRIMIDOS EFG,BILASTINA,R06AX29,https://cima.aemps.es/cima/pdfs/ft/85180/FT_85180.pdf,1
dexclorfeniramina,75389,DEXCLORFENIRAMINA MALEATO ACCORD 5mg/ml SOLUCION INYECTABLE EFG,DEXCLORFENIRAMINA MALEATO,R06AB02,https://cima.aemps.es/cima/pdfs/ft/75389/FT_75389.pdf,1
hidroxizina,26269,ATARAX 2 mg/ml JARABE,HIDROXIZINA DIHIDROCLORURO,N05BB01,https://cima.aemps.es/cima/pdfs/ft/26269/FT_26269.pdf,1
latanoprost,1231763001,CATIOLANZE 50 MICROGRAMOS/ML COLIRIO EN EMULSION,LATANOPROST,S01EE01,https://cima.aemps.es/cima/pdfs/ft/1231763001/FT_1231763001.pdf,1
timolol,55808,CUSIMOLOL 5 MG/ML COLIRIO EN SOLUCIÓN,TIMOLOL,S01ED01,https://cima.aemps.es/cima/pdfs/ft/55808/FT_55808.pdf,1
brimonidina,62010,ALPHAGAN 2 mg/ml COLIRIO EN SOLUCION,BRIMONIDINA TARTRATO,S01EA05,https://cima.aemps.es/cima/pdfs/ft/62010/FT_62010.pdf,1
dorzolamida,60651,TRUSOPT 20 mg/ml COLIRIO EN SOLUCION,DORZOLAMIDA HIDROCLORURO,S01EC03,https://cima.aemps.es/cima/pdfs/ft/60651/FT_60651.pdf,1
ibuprofeno,74559,DIFENADOL RAPID 400 mg GRANULADO PARA SOLUCION ORAL,IBUPROFENO,M01AE01,https://cima.aemps.es/cima/pdfs/ft/74559/FT_74559.pdf,1
morfina,83323,DROPIZOL 10 MG/ML GOTAS ORALES EN SOLUCION,MORFINA,A07DA02,https://cima.aemps.es/cima/pdfs/ft/83323/FT_83323.pdf,1
omeprazol,64004,GASTROMEL 20 MG CAPSULAS DURAS GASTRORRESISTENTES EFG,OMEPRAZOL,A02BC01,https://cima.aemps.es/cima/pdfs/ft/64004/FT_64004.pdf,1
esomeprazol,63940,AXIAGO 20 mg COMPRIMIDOS GASTRORRESISTENTES,ESOMEPRAZOL,A02BC05,https://cima.aemps.es/cima/pdfs/ft/63940/FT_63940.pdf,1
venlafaxina,69149,DISLAVEN RETARD 150 mg CAPSULAS DE LIBERACION PROLONGADA EFG,VENLAFAXINA  HIDROCLORURO,N06AX16,https://cima.aemps.es/cima/pdfs/ft/69149/FT_69149.pdf,1
desvenlafaxina,86782,DESVENLAFAXINA CINFA 100 MG COMPRIMIDOS DE LIBERACION PROLONGADA EFG,DESVENLAFAXINA BENZOATO,N06AX23,https://cima.aemps.es/cima/pdfs/ft/86782/FT_86782.pdf,1
loratadina,58518,CLARITYNE 10 mg COMPRIMIDOS,LORATADINA,R06AX13,https://cima.aemps.es/cima/pdfs/ft/58518/FT_58518.pdf,1
desloratadina,00160065,"AERIUS 0,5 MG/ML SOLUCION ORAL",DESLORATADINA,R06AX27,https://cima.aemps.es/cima/pdfs/ft/00160065/FT_00160065.pdf,1
acetilsalicilico,42991,A.A.S. 100 mg COMPRIMIDOS,ACETILSALICILICO ACIDO,B01AC06,https://cima.aemps.es/cima/pdfs/ft/42991/FT_42991.pdf,1
ursodeoxicolico,83490,ADISOCOL 150 MG COMPRIMIDOS EFG,URSODEOXICOLICO ACIDO,A05AA02,https://cima.aemps.es/cima/pdfs/ft/83490/FT_83490.pdf,1
hierro sulfato,52994,TARDYFERON 80 mg COMPRIMIDOS DE LIBERACIÓN PROLONGADA,HIERRO SULFATO DESECADO,B03AA07,https://cima.aemps.es/cima/pdfs/ft/52994/FT_52994.pdf,1
cloruro de potasio,60353,CLORURO DE POTASIO BRAUN 1 mEq/ml CONCENTRADO PARA SOLUCION PARA PERFUSION,CLORURO DE POTASIO,B05XA01,https://cima.aemps.es/cima/pdfs/ft/60353/FT_60353.pdf,1
